Category,Variable,Unit,Observed,Validation,Status Quo,First Best CarbonTax,EquivEmission_CarbonTax,EquivEmission_RFS,EquivEmission_LCFS,EquivEmission_TaxCredit,EquivEmission_5B_CarbonTax,EquivEmission_5B_RFS,EquivEmission_5B_LCFS,EquivEmission_5B_TaxCredit
Metadata,Scenario_Name,,Observed,Validation,Status Quo,First Best CarbonTax,EquivEmission_CarbonTax,EquivEmission_RFS,EquivEmission_LCFS,EquivEmission_TaxCredit,EquivEmission_5B_CarbonTax,EquivEmission_5B_RFS,EquivEmission_5B_LCFS,EquivEmission_5B_TaxCredit
Policy,Stringency,Various,0,0,0,190,90.53,0.29,0.08,14.4,206.84,0.5,0.16,29.05
Target,Total_Emissions_BtonCO2e,BtonCO2e,,,,,2.53,2.53,2.53,2.53,2.49,2.49,2.49,2.49
Production,jet_fuel,B gal,20.34,,20.51,13.37,16.49,16.62,16.29,18.42,12.93,14.28,12.67,17.14
Production,saf_atj_conv,B gal,,,0,2.43,1.23,0,3.5,0.64,2.62,0,4.5,0
Production,saf_atj_cs,B gal,,,0,0,0,2.57,0,0,0,3.81,0,1.65
Production,saf_hefa_conv,B gal,,,0,0,0,0,0,0,0,0,0,0
Production,saf_hefa_cs,B gal,,,0,0,0,0.44,0,0,0,0.65,0,0.28
Production,saf_hefa_nonsoy,B gal,,,0,0,0,0,0,1.51,0,0,1.38,1.52
Production,gasoline,B gal,125.61,,125.86,125.37,125.63,125.25,125.1,125.51,125.33,124.85,124.79,124.88
Production,ethanol,B gal,14.24,,13.98,13.93,13.96,13.92,13.9,13.95,13.93,13.87,13.87,13.88
Production,diesel,B gal,43.9,,44.51,44.52,44.51,44.52,44.52,43.91,44.52,44.52,44.5,43.11
Production,biodiesel_soy,B gal,1.09,,2.27,2.34,2.33,1.84,2.34,2.31,2.34,1.64,2.34,2.27
Production,biodiesel_nonsoy,B gal,0.82,,0.08,0,0.02,0.5,0,0,0,0.7,0,0
Production,rd_soy,B gal,0.99,,0,0.04,0,0,0.09,0.28,0.05,0,0.16,0.27
Production,rd_nonsoy,B gal,2.68,,2.23,2.19,2.23,2.23,2.14,1.93,2.18,2.23,2.07,1.92
Demand,avi,B gal,1199.13,1204.79,1208.97,927.66,1042.76,1152.03,1161.41,1208.97,912.2,1097.81,1084.14,1208.97
Demand,gas,B gal,2672.65,2856.73,2858.12,2847.06,2853.01,2844.34,2840.83,2850.23,2846.06,2835.24,2833.94,2836.03
Demand,die,B gal,301.86,357.28,354.59,354.59,354.59,354.59,354.59,349.87,354.59,354.59,354.41,343.55
Demand,corn,B bushel,9.09,8.51,8.49,7.81,8.14,7.68,7.53,8.51,7.76,7.31,7.27,8.41
Demand,soyoil,B lb,14.16,14.16,14.03,14.03,14.03,14.03,14.03,12.06,14.03,14.03,13.91,10.74
Demand,soymeal,MMT,49.63,62.27,62.63,64.5,63.55,64.1,65.38,64.16,64.64,64.92,66.26,65.8
Price,feedstock_corn_n,$/bushel,4.55,,4.61,6.61,5.53,7.11,7.76,4.54,6.79,8.8,8.99,4.79
Price,feedstock_corn_cs,$/bushel,,,6.08,8,6.96,8.54,9.1,5.19,8.17,10.2,9.82,5.43
Price,feedstock_soy_n,$/lb,0.46,,0.49,0.49,0.49,0.49,0.49,1.14,0.49,0.49,0.51,2.16
Price,feedstock_soy_cs,$/lb,,,0.23,0.34,0.28,0.34,0.4,1.25,0.35,0.42,0.44,2.4
Price_consumer,avi,$/mile,0.04,0.04,0.04,0.08,0.06,0.04,0.04,0.04,0.08,0.05,0.05,0.04
Price_consumer,gas,$/mile,0.13,0.13,0.13,0.13,0.13,0.13,0.13,0.13,0.13,0.13,0.13,0.13
Price_consumer,die,$/mile,0.34,0.34,0.36,0.36,0.36,0.36,0.36,0.41,0.36,0.36,0.36,0.5
Price_consumer,soymeal,$/metric ton,423.41,423.41,420.83,407.9,414.37,410.58,402.04,410.15,406.9,405.06,396.35,399.33
Land,Conventional,M acres,120.09,117.68,117.9,121.42,119.63,105.82,123.08,120.79,121.7,100.15,124.74,114.3
Land,Climate Smart,M acres,,,0,0,0,16.34,0,0,0,24.28,0,10.53
Feedstock production,corn_n,B bushel,13,12.04,12.02,12.38,12.2,10.79,12.55,12.31,12.41,10.21,12.72,11.65
Feedstock production,corn_cs,B bushel,,,0,0,0,1.51,0,0,0,2.25,0,0.98
Feedstock production,soy_n,B lb,27.77,30.96,31.13,32.06,31.59,27.94,32.5,31.9,32.14,26.45,32.94,30.18
Feedstock production,soy_cs,B lb,,,0,0,0,3.92,0,0,0,5.83,0,2.53
Byproduct production,DDGS,B bushel,1.89,1.31,1.29,1.67,1.48,1.69,1.84,1.38,1.7,1.88,1.99,1.54
Byproduct production,Soymeal,MMT,49.63,62.27,62.63,64.5,63.55,64.1,65.38,64.16,64.64,64.92,66.26,65.8
Shadow prices,λ_rfs,$,,,1.6,1.6,1.6,1.6,1.6,4.61,1.6,1.6,1.71,9.41
Shadow prices,λ_rfs_avi,$,,,0.56,0.36,0.46,1.04,0.28,0,0.35,1.28,0,0
Shadow prices,λ_lcfs,$,,,0,0,0,0,278.59,0,0,0,387.45,0
Shadow prices,r_land,$,,,598.94,803.33,692.71,854.24,920.52,762.76,822.05,1027.07,1052.72,1060.08
Shadow prices,λ_blendwall_ethanol,$,,,2.25,1.73,2.01,1.6,1.43,5.65,1.68,1.15,1.23,10.97
Shadow prices,λ_blendwall_biodiesel,$,,,0.17,0.17,0.17,0.17,0.17,0.17,0.17,0.17,0.17,0.17
Shadow prices,λ_nonsoy_capacity,$,,,0,0,0,0,0,0.65,0,0,0.02,1.67
Emissions,Aviation,B ton CO2e,,,0.24,0.17,0.2,0.21,0.21,0.22,0.17,0.19,0.18,0.21
Emissions,Road,B ton CO2e,,,2.18,2.17,2.18,2.17,2.17,2.17,2.17,2.17,2.17,2.15
Emissions,Food,B ton CO2e,,,0.16,0.15,0.15,0.15,0.15,0.14,0.15,0.14,0.14,0.13
Emissions,Total,B ton CO2e,,,2.57,2.49,2.53,2.53,2.53,2.53,2.49,2.5,2.49,2.49
Welfare,CS change_avi,B$,,,,-38.98,-19.85,-6,-4.96,0,-42.01,-12.44,-14.19,0
Welfare,CS change_gas,B$,,,,-7.07,-3.25,-8.83,-11.12,-5.03,-7.72,-14.79,-15.64,-14.27
Welfare,CS change_die,B$,,,,0,0,0,0,-18.31,0,0,-0.68,-46.96
Welfare,CS change_corn,B$,,,,-16.28,-7.64,-20.15,-25.09,0.57,-17.71,-32.84,-34.23,-1.57
Welfare,CS change_soyoil,B$,,,,0,0,0,0,-8.33,0,0,-0.33,-19.96
Welfare,CS change_soymeal,B$,,,,0.82,0.41,0.65,1.2,0.68,0.89,1.01,1.58,1.38
Welfare,CS change_total,B$,,,,-61.51,-30.33,-34.33,-39.96,-30.42,-66.56,-59.06,-63.5,-81.38
Welfare,PS change,B$,,,,24.47,11.14,30.67,38.8,19.56,26.75,51.99,55.19,56.1
Welfare,GovRevenue,B$,,,,32.37,17.98,0,0,-13.71,34.43,0,0,-34.52
Welfare,EnvBenefit change_avi_benefit,B$,,,,12.65,7.29,5.61,4.9,3.08,13.39,9.32,10.96,4.78
Welfare,EnvBenefit change_road_benefit,B$,,,,1.14,0.53,1.41,1.78,2.36,1.24,2.35,2.55,5.94
Welfare,EnvBenefit change_food_benefit,B$,,,,1.27,0.65,1.45,1.8,3.02,1.36,2.12,2.47,5.29
Welfare,EnvBenefit change_total_benefit,B$,,,,15.05,8.47,8.47,8.48,8.45,15.99,13.79,15.98,16.01
Welfare,private_surplus,B$,,,,-4.67,-1.21,-3.65,-1.16,-24.57,-5.38,-7.07,-8.31,-59.8
Welfare,social_welfare,B$,,,,10.39,7.25,4.82,7.32,-16.11,10.61,6.72,7.67,-43.78
Average Abatement Cost,aac_private,$/tonCO2,,,,58.93,27.21,81.97,26.03,552.14,63.89,97.39,98.82,709.44
Average Abatement Cost,aac_social,$/tonCO2,,,,-131.07,-162.79,-108.03,-163.97,362.14,-126.11,-92.61,-91.18,519.44